posts__id,posts__post_id,posts__user_id,posts__inspired_at
1,588,1,31-12-2023 09:06
2,152,1,31-12-2023 09:07
3,415,1,31-12-2023 09:10
4,558,1,31-12-2023 09:11
5,549,1,31-12-2023 09:11
6,586,1,31-12-2023 09:11
7,97,1,31-12-2023 09:13
8,590,1,31-12-2023 10:09
9,52,1,31-12-2023 10:09
10,19,1,31-12-2023 10:09
11,583,1,31-12-2023 10:09
13,491,1,31-12-2023 10:10
15,148,1,31-12-2023 10:10
16,560,1,31-12-2023 10:10
17,86,1,31-12-2023 10:10
18,469,1,31-12-2023 10:10
19,546,1,31-12-2023 10:23
20,540,1,31-12-2023 10:23
21,626,1,31-12-2023 15:45
22,570,1,31-12-2023 15:45
23,14,1,05-01-2024 13:50
24,513,1,05-01-2024 13:50
25,512,1,05-01-2024 13:51
26,516,1,05-01-2024 13:51
27,517,1,05-01-2024 13:51
28,142,1,05-01-2024 13:51
29,143,1,05-01-2024 13:52
30,150,1,05-01-2024 13:52
31,151,1,05-01-2024 13:52
32,153,1,05-01-2024 13:52
33,154,1,05-01-2024 13:53
34,155,1,05-01-2024 13:53
35,158,1,05-01-2024 13:53
36,159,1,05-01-2024 13:53
37,160,1,05-01-2024 13:53
38,161,1,05-01-2024 13:54
39,163,1,05-01-2024 13:54
40,164,1,05-01-2024 13:54
41,151,18,06-01-2024 09:47
42,588,118,11-01-2024 19:28
43,512,47,11-01-2024 21:42
44,143,18,11-01-2024 21:57
45,19,18,13-01-2024 09:55
46,426,18,14-01-2024 01:07
47,154,18,14-01-2024 07:12
48,551,18,15-01-2024 01:04
49,590,18,15-01-2024 02:15
50,583,123,15-01-2024 06:19
51,633,1,15-01-2024 15:38
52,588,127,16-01-2024 14:18
55,31,1,16-01-2024 17:44
56,31,18,16-01-2024 20:52
57,631,19,19-01-2024 08:34
58,33,18,22-01-2024 05:58
59,494,18,22-01-2024 06:00
60,461,18,22-01-2024 06:02
61,453,18,22-01-2024 06:03
62,438,18,22-01-2024 06:04
63,437,18,22-01-2024 06:04
64,428,18,22-01-2024 06:06
65,427,18,22-01-2024 06:06
66,425,18,22-01-2024 06:07
67,422,18,22-01-2024 06:07
68,516,47,29-01-2024 22:46
69,33,1,31-01-2024 22:37
70,629,19,01-02-2024 12:25
71,82,18,10-02-2024 03:21
72,81,19,19-03-2024 05:56
73,588,159,19-03-2024 10:23
74,58,159,19-03-2024 10:25
75,590,19,19-03-2024 11:25
76,560,159,20-03-2024 09:53
77,551,159,20-03-2024 09:55
78,422,160,21-03-2024 10:44
79,503,5,28-03-2024 20:20
80,517,5,28-03-2024 20:21
81,40,5,29-03-2024 12:00
82,654,19,30-03-2024 09:30
83,660,1,30-03-2024 15:27
84,153,152,30-03-2024 16:53
85,686,19,01-04-2024 14:52
86,685,1,01-04-2024 15:26
87,725,19,03-04-2024 14:12
88,727,19,03-04-2024 14:13
89,510,5,03-04-2024 14:29
90,560,9,03-04-2024 14:47
91,328,9,03-04-2024 14:55
92,571,9,03-04-2024 15:00
93,411,9,03-04-2024 15:05
94,726,19,03-04-2024 16:37
95,724,19,03-04-2024 16:38
96,60,152,04-04-2024 07:27
97,560,160,04-04-2024 13:56
98,770,19,04-04-2024 17:42
99,560,18,07-04-2024 00:55
100,635,19,08-04-2024 13:55
101,814,5,13-04-2024 02:25
102,549,152,14-04-2024 11:25
103,701,5,15-04-2024 12:01
104,159,19,16-04-2024 16:22
105,625,19,17-04-2024 11:22
106,86,5,18-04-2024 13:33
108,560,192,22-04-2024 06:18
109,1060,19,25-04-2024 18:06
111,44,19,07-05-2024 09:58
112,1064,1,07-05-2024 17:39
113,171,5,08-05-2024 14:24
114,1065,18,15-05-2024 01:50
115,658,5,23-05-2024 07:41
117,619,19,03-06-2024 13:30
118,1030,292,11-06-2024 12:19
119,560,362,17-06-2024 16:33
120,1032,346,18-06-2024 07:29
121,1073,470,20-06-2024 08:27
122,1066,470,20-06-2024 08:39
123,56,417,22-06-2024 06:37
124,788,9,27-06-2024 12:24
125,1030,19,02-07-2024 19:34
126,31,732,03-07-2024 20:17
127,56,5,04-07-2024 06:24
128,560,19,11-07-2024 13:58
130,1060,803,17-07-2024 01:20
131,796,1,21-07-2024 14:35
132,972,1,21-07-2024 14:36
133,856,5,23-07-2024 08:24
134,30,152,23-07-2024 23:50
135,1057,19,29-07-2024 19:04
136,948,5,05-08-2024 07:24
139,1098,19,09-08-2024 10:57
140,1096,19,09-08-2024 10:58
141,512,5,13-08-2024 17:40
142,1153,1,18-08-2024 13:01
143,1152,1,18-08-2024 13:02
144,1151,1,18-08-2024 13:03
145,1150,1,18-08-2024 13:03
146,1149,1,18-08-2024 13:04
147,1148,1,18-08-2024 13:04
148,1147,1,18-08-2024 13:05
149,1145,1,18-08-2024 13:05
150,1142,1,18-08-2024 13:06
151,1141,1,18-08-2024 13:06
152,1140,1,18-08-2024 13:07
153,1139,1,18-08-2024 13:08
154,1138,1,18-08-2024 13:09
155,1137,949,21-08-2024 14:54
156,1182,19,25-08-2024 11:21
157,1140,19,25-08-2024 11:22
158,1140,960,26-08-2024 10:21
159,52,958,26-08-2024 13:16
160,143,964,27-08-2024 06:44
162,1214,19,29-08-2024 16:58
163,1207,5,12-09-2024 08:19
164,1226,5,12-09-2024 08:19
165,941,979,17-09-2024 09:32
168,1227,39,21-09-2024 16:39
169,1246,5,25-09-2024 15:03
170,697,5,01-10-2024 16:32
171,1312,1010,11-10-2024 11:50
172,813,1,19-11-2024 10:22
173,813,1,19-11-2024 10:22
174,813,1,19-11-2024 10:22
175,1100,1,19-11-2024 11:03
176,693,1,19-11-2024 11:31
177,693,1,19-11-2024 11:31
178,59,1,19-11-2024 11:33
179,863,1,19-11-2024 11:33
180,147,1,19-11-2024 11:33
181,147,1,19-11-2024 11:33
182,147,1,19-11-2024 11:33
183,696,1,19-11-2024 11:34
184,696,1,19-11-2024 11:34
185,252,1,19-11-2024 11:35
186,1119,1,19-11-2024 11:37
187,1217,1,19-11-2024 11:38
188,788,1,19-11-2024 11:38
189,1251,1,19-11-2024 11:40
190,548,1,20-11-2024 07:01
191,655,1,20-11-2024 07:08
192,423,1,20-11-2024 07:09
193,779,1,20-11-2024 07:12
194,817,1,20-11-2024 07:12
195,899,1,20-11-2024 07:13
196,1231,1,20-11-2024 07:14
197,177,1,20-11-2024 07:14
198,168,1,20-11-2024 07:15
199,1111,1,20-11-2024 07:18
200,699,1,20-11-2024 07:28
201,699,1,20-11-2024 07:28
202,100,1,20-11-2024 07:42
203,100,1,20-11-2024 07:42
204,773,1,20-11-2024 07:54
205,773,1,20-11-2024 07:54
206,1214,1,20-11-2024 07:57
207,414,1,20-11-2024 07:58
208,414,1,20-11-2024 07:58
209,414,1,20-11-2024 07:58
210,1224,18,20-11-2024 21:09
211,694,18,20-11-2024 21:19
212,1251,18,20-11-2024 21:19
213,1340,1123,23-11-2024 17:31
214,64,1,29-11-2024 11:29
215,1365,5,29-11-2024 19:10
216,1316,1010,05-12-2024 09:10
217,1394,5,06-12-2024 09:45
220,1224,1197,06-12-2024 12:23
221,1243,1197,06-12-2024 12:26
222,631,1105,06-12-2024 16:18
223,1214,1105,06-12-2024 16:26
224,1533,1202,06-12-2024 19:02
226,1394,1232,07-12-2024 09:19
227,1456,1215,07-12-2024 17:58
228,365,18,07-12-2024 23:42
229,944,1105,08-12-2024 05:23
