id,post_id,user_id,viewed_at
18,631,114,10-01-2024 07:20
19,626,114,10-01-2024 07:21
20,571,114,10-01-2024 07:22
22,558,116,10-01-2024 12:33
23,551,116,10-01-2024 12:33
24,560,116,10-01-2024 12:34
25,588,116,10-01-2024 12:34
32,473,44,11-01-2024 18:32
34,633,44,11-01-2024 18:33
35,67,44,11-01-2024 18:38
36,66,44,11-01-2024 18:39
37,65,44,11-01-2024 18:39
38,64,44,11-01-2024 18:39
39,63,44,11-01-2024 18:39
40,151,47,11-01-2024 19:02
41,161,47,11-01-2024 19:02
42,415,47,11-01-2024 19:02
43,583,118,11-01-2024 19:28
44,556,118,11-01-2024 19:28
45,151,118,11-01-2024 19:28
47,159,47,11-01-2024 21:41
48,143,47,11-01-2024 21:41
49,512,47,11-01-2024 21:42
59,151,119,12-01-2024 15:42
61,629,119,12-01-2024 15:42
62,586,120,12-01-2024 18:39
63,151,120,12-01-2024 18:39
64,448,44,12-01-2024 20:30
65,447,44,12-01-2024 20:30
66,446,44,12-01-2024 20:31
67,631,44,12-01-2024 20:31
69,634,44,12-01-2024 20:32
70,540,47,13-01-2024 00:25
71,155,47,13-01-2024 00:25
72,150,47,13-01-2024 00:25
92,151,121,13-01-2024 12:25
93,627,121,13-01-2024 12:25
113,560,123,15-01-2024 06:18
114,583,123,15-01-2024 06:18
115,151,123,15-01-2024 06:19
116,151,124,15-01-2024 13:18
130,583,125,16-01-2024 07:48
132,586,126,16-01-2024 10:07
133,583,126,16-01-2024 10:07
134,548,126,16-01-2024 10:07
148,631,127,16-01-2024 14:18
149,588,127,16-01-2024 14:18
150,151,127,16-01-2024 14:18
151,629,127,16-01-2024 14:18
171,151,128,16-01-2024 17:48
181,626,130,17-01-2024 21:29
182,617,130,17-01-2024 21:30
183,590,131,17-01-2024 22:51
195,86,47,19-01-2024 15:15
196,560,47,19-01-2024 16:41
197,31,47,19-01-2024 16:41
198,154,47,19-01-2024 16:42
199,558,47,19-01-2024 16:42
200,548,47,19-01-2024 16:42
201,549,47,19-01-2024 16:43
202,499,47,19-01-2024 16:44
203,142,47,19-01-2024 16:44
204,151,68,19-01-2024 23:54
262,496,136,22-01-2024 09:27
263,633,136,22-01-2024 09:27
264,81,136,22-01-2024 09:28
290,19,47,25-01-2024 18:28
304,513,44,27-01-2024 16:14
314,151,141,29-01-2024 14:39
315,415,141,29-01-2024 14:40
323,516,47,29-01-2024 22:45
324,546,47,30-01-2024 03:15
326,633,47,30-01-2024 06:35
327,513,47,30-01-2024 06:36
328,148,47,30-01-2024 06:36
329,52,47,30-01-2024 06:36
330,461,47,30-01-2024 06:37
331,33,47,30-01-2024 06:37
332,487,47,30-01-2024 08:31
335,462,142,30-01-2024 14:14
370,583,47,02-02-2024 15:44
375,160,47,05-02-2024 22:41
376,469,47,05-02-2024 22:41
377,158,47,06-02-2024 06:52
381,629,47,06-02-2024 20:16
382,518,47,06-02-2024 20:17
383,517,47,06-02-2024 20:17
384,432,47,06-02-2024 20:19
385,412,47,06-02-2024 20:19
386,387,47,06-02-2024 20:20
387,379,47,06-02-2024 20:20
388,377,47,06-02-2024 20:20
389,453,47,06-02-2024 20:22
390,496,47,06-02-2024 20:25
391,468,47,06-02-2024 20:25
392,462,47,06-02-2024 20:26
393,456,47,06-02-2024 20:26
394,452,47,06-02-2024 20:26
395,436,47,06-02-2024 20:26
396,430,47,06-02-2024 20:27
397,423,47,06-02-2024 20:28
398,414,47,06-02-2024 20:28
399,413,47,06-02-2024 20:28
400,390,47,06-02-2024 20:28
401,386,47,06-02-2024 20:29
402,364,47,06-02-2024 20:30
403,363,47,06-02-2024 20:30
404,252,47,06-02-2024 20:31
405,213,47,06-02-2024 20:31
406,212,47,06-02-2024 20:31
407,211,47,06-02-2024 20:31
408,422,47,07-02-2024 01:34
409,459,26,07-02-2024 01:41
410,458,26,07-02-2024 01:41
411,617,26,07-02-2024 01:41
412,151,26,07-02-2024 15:50
413,415,26,07-02-2024 15:51
418,551,47,08-02-2024 00:27
419,558,26,08-02-2024 00:44
420,635,26,08-02-2024 00:44
421,634,26,08-02-2024 00:45
422,633,26,08-02-2024 00:45
423,491,47,08-02-2024 04:30
424,152,47,08-02-2024 04:30
425,14,47,08-02-2024 04:30
426,159,26,08-02-2024 06:41
427,540,26,08-02-2024 06:42
434,161,26,08-02-2024 14:35
435,588,47,09-02-2024 04:16
436,58,47,09-02-2024 04:17
437,163,47,09-02-2024 04:17
438,164,47,09-02-2024 04:18
440,427,47,09-02-2024 04:19
441,153,47,09-02-2024 17:02
442,426,47,09-02-2024 17:02
443,60,47,09-02-2024 17:02
444,64,47,09-02-2024 17:03
455,583,26,10-02-2024 15:53
456,578,26,10-02-2024 15:59
457,611,26,10-02-2024 16:00
458,609,26,10-02-2024 16:00
464,394,26,06-03-2024 14:05
465,393,26,06-03-2024 14:05
466,392,26,06-03-2024 14:05
467,160,26,06-03-2024 14:08
471,82,16,07-03-2024 12:59
472,81,26,07-03-2024 13:34
482,151,151,09-03-2024 04:42
483,415,151,09-03-2024 04:43
484,161,151,09-03-2024 04:43
485,159,151,09-03-2024 04:44
486,143,151,09-03-2024 04:44
487,560,151,09-03-2024 04:45
488,33,151,09-03-2024 04:45
489,531,151,09-03-2024 04:45
490,633,151,09-03-2024 04:46
534,151,36,13-03-2024 17:25
535,86,151,14-03-2024 12:14
576,81,151,15-03-2024 04:38
585,633,149,15-03-2024 11:23
587,151,155,15-03-2024 12:33
588,415,155,15-03-2024 12:33
589,633,155,15-03-2024 12:35
590,631,155,15-03-2024 12:35
591,629,155,15-03-2024 12:35
592,590,155,15-03-2024 12:35
593,588,155,15-03-2024 12:36
594,586,155,15-03-2024 12:36
595,583,155,15-03-2024 12:37
596,563,155,15-03-2024 12:37
597,558,155,15-03-2024 12:38
598,161,155,15-03-2024 12:38
599,159,155,15-03-2024 12:38
600,143,155,15-03-2024 12:38
601,540,155,15-03-2024 12:39
602,560,155,15-03-2024 12:39
603,512,155,15-03-2024 12:39
604,33,155,15-03-2024 12:39
605,31,155,15-03-2024 12:39
606,142,155,15-03-2024 12:40
607,549,153,15-03-2024 13:17
609,151,149,15-03-2024 18:05
610,540,149,15-03-2024 18:08
611,560,149,15-03-2024 18:10
612,411,149,16-03-2024 03:32
623,635,156,16-03-2024 07:13
624,86,155,16-03-2024 14:23
626,154,155,17-03-2024 02:48
627,158,155,17-03-2024 02:48
628,19,155,17-03-2024 02:49
629,155,155,17-03-2024 02:51
630,150,155,17-03-2024 02:51
631,160,155,17-03-2024 02:51
632,513,155,17-03-2024 02:52
633,173,155,17-03-2024 02:52
634,148,155,17-03-2024 02:52
635,151,154,17-03-2024 13:38
637,151,148,18-03-2024 02:27
651,52,155,18-03-2024 05:07
652,153,155,18-03-2024 05:07
666,453,147,19-03-2024 04:07
688,422,161,20-03-2024 06:11
738,151,162,20-03-2024 14:55
755,151,163,21-03-2024 05:59
756,629,163,21-03-2024 06:00
757,627,163,21-03-2024 06:00
783,516,155,22-03-2024 01:53
784,551,155,22-03-2024 01:53
785,161,149,22-03-2024 03:46
786,154,149,22-03-2024 03:47
787,33,149,22-03-2024 03:47
789,563,164,22-03-2024 08:31
790,151,164,22-03-2024 08:31
797,393,165,22-03-2024 13:00
798,391,165,22-03-2024 13:00
844,151,166,23-03-2024 21:09
845,415,166,23-03-2024 21:10
847,467,53,24-03-2024 07:41
848,466,53,24-03-2024 07:42
863,193,148,25-03-2024 13:44
882,151,167,26-03-2024 02:38
883,415,167,26-03-2024 02:41
884,161,167,26-03-2024 02:42
885,86,167,26-03-2024 02:42
886,143,167,26-03-2024 02:42
889,560,167,26-03-2024 02:53
890,159,167,26-03-2024 02:53
891,512,167,26-03-2024 02:53
892,31,167,26-03-2024 02:54
893,142,167,26-03-2024 02:54
903,609,168,26-03-2024 12:47
904,626,169,26-03-2024 14:11
905,540,167,26-03-2024 14:49
906,151,170,26-03-2024 22:49
907,86,170,26-03-2024 22:51
908,560,170,26-03-2024 22:51
915,33,167,27-03-2024 17:21
916,154,167,27-03-2024 17:22
917,155,167,27-03-2024 17:22
918,19,167,27-03-2024 17:22
919,438,172,27-03-2024 18:11
920,437,172,27-03-2024 18:11
921,193,172,27-03-2024 18:32
922,191,172,27-03-2024 18:32
923,189,172,27-03-2024 18:33
924,186,172,27-03-2024 18:33
925,454,172,27-03-2024 18:33
926,453,172,27-03-2024 18:34
927,451,172,27-03-2024 18:34
934,397,173,28-03-2024 07:36
935,52,167,28-03-2024 14:34
936,158,167,28-03-2024 14:34
937,150,167,28-03-2024 14:35
938,516,167,28-03-2024 14:35
940,159,174,28-03-2024 17:27
941,560,174,28-03-2024 17:27
942,161,174,28-03-2024 17:28
943,151,174,28-03-2024 17:28
944,142,174,28-03-2024 17:29
945,633,167,28-03-2024 20:51
946,551,167,28-03-2024 20:52
947,160,167,28-03-2024 20:52
948,546,167,28-03-2024 20:52
949,259,172,28-03-2024 22:45
950,626,172,28-03-2024 22:45
951,258,172,28-03-2024 22:45
966,38,155,29-03-2024 13:13
988,655,175,29-03-2024 19:18
989,656,175,29-03-2024 19:19
990,159,175,29-03-2024 19:19
991,560,175,29-03-2024 19:20
992,161,175,29-03-2024 19:20
1011,40,167,30-03-2024 01:52
1012,629,167,30-03-2024 01:53
1013,590,167,30-03-2024 01:53
1014,513,167,30-03-2024 02:24
1015,148,167,30-03-2024 02:24
1016,583,167,30-03-2024 02:25
1017,173,167,30-03-2024 02:25
1018,153,167,30-03-2024 02:25
1019,461,167,30-03-2024 02:25
1020,38,167,30-03-2024 02:25
1021,143,175,30-03-2024 07:14
1033,551,176,30-03-2024 13:02
1034,549,176,30-03-2024 13:02
1035,660,176,30-03-2024 13:02
1036,659,176,30-03-2024 13:02
1044,460,176,31-03-2024 11:55
1050,82,167,31-03-2024 19:36
1054,39,167,31-03-2024 19:37
1055,14,167,31-03-2024 19:38
1099,159,177,02-04-2024 04:22
1109,159,170,02-04-2024 10:01
1146,159,178,02-04-2024 19:49
1147,560,178,02-04-2024 19:51
1148,697,178,02-04-2024 19:52
1149,151,178,02-04-2024 19:52
1175,373,179,03-04-2024 13:13
1233,516,160,03-04-2024 16:45
1234,558,175,03-04-2024 17:38
1241,143,170,03-04-2024 20:44
1245,634,180,04-04-2024 05:11
1246,459,180,04-04-2024 05:11
1273,558,160,04-04-2024 13:56
1274,19,160,04-04-2024 13:56
1275,60,160,04-04-2024 13:56
1276,560,160,04-04-2024 13:56
1390,558,167,05-04-2024 02:12
1393,36,179,05-04-2024 05:05
1394,31,179,05-04-2024 05:05
1395,151,181,05-04-2024 16:50
1408,648,182,05-04-2024 17:48
1409,81,182,05-04-2024 17:48
1410,452,182,05-04-2024 17:49
1411,655,182,05-04-2024 17:49
1412,654,182,05-04-2024 17:49
1413,635,182,05-04-2024 17:50
1414,510,183,05-04-2024 17:50
1420,609,183,05-04-2024 18:43
1421,608,183,05-04-2024 18:43
1422,607,183,05-04-2024 18:43
1423,56,47,05-04-2024 18:43
1425,404,39,05-04-2024 20:27
1426,784,39,05-04-2024 20:32
1433,784,182,08-04-2024 06:58
1434,159,173,08-04-2024 09:45
1435,36,167,08-04-2024 11:34
1436,436,167,08-04-2024 11:35
1437,60,167,08-04-2024 11:35
1438,56,167,08-04-2024 11:35
1442,19,175,09-04-2024 05:01
1456,159,184,09-04-2024 11:09
1457,560,184,09-04-2024 11:10
1458,161,184,09-04-2024 11:10
1459,143,184,09-04-2024 11:11
1460,151,184,09-04-2024 11:11
1461,33,184,09-04-2024 11:11
1462,415,184,09-04-2024 11:12
1463,540,184,09-04-2024 11:12
1464,86,184,09-04-2024 11:12
1465,40,184,09-04-2024 11:13
1466,52,184,09-04-2024 11:13
1467,558,166,09-04-2024 14:27
1468,19,166,09-04-2024 14:27
1469,36,166,09-04-2024 14:27
1480,784,183,10-04-2024 16:48
1481,36,47,10-04-2024 19:03
1482,38,47,10-04-2024 19:03
1483,15,47,10-04-2024 19:03
1484,16,47,10-04-2024 19:03
1487,16,167,11-04-2024 01:04
1488,845,167,11-04-2024 01:04
1493,722,167,11-04-2024 04:04
1494,724,167,11-04-2024 04:05
1500,623,172,11-04-2024 09:48
1501,36,175,11-04-2024 16:11
1502,867,175,11-04-2024 16:12
1503,841,175,11-04-2024 16:15
1504,33,175,11-04-2024 16:16
1507,898,180,12-04-2024 03:16
1508,884,180,12-04-2024 03:17
1509,880,180,12-04-2024 03:17
1510,626,180,12-04-2024 03:54
1511,81,180,12-04-2024 03:54
1512,635,180,12-04-2024 03:55
1513,625,180,12-04-2024 06:48
1514,624,180,12-04-2024 06:48
1515,623,180,12-04-2024 06:48
1516,618,180,12-04-2024 06:48
1531,15,149,12-04-2024 18:51
1532,16,149,12-04-2024 18:51
1533,38,149,12-04-2024 18:52
1534,60,149,12-04-2024 18:52
1535,558,149,12-04-2024 18:52
1536,608,180,13-04-2024 05:14
1556,15,155,13-04-2024 15:43
1557,16,155,13-04-2024 15:43
1558,36,155,13-04-2024 15:43
1559,56,155,13-04-2024 15:43
1560,897,180,14-04-2024 07:32
1561,895,180,14-04-2024 07:32
1564,159,185,15-04-2024 06:43
1565,143,185,15-04-2024 06:45
1566,86,185,15-04-2024 06:45
1569,436,185,15-04-2024 06:46
1570,31,185,15-04-2024 06:46
1580,15,185,15-04-2024 10:22
1672,959,149,16-04-2024 17:45
1673,81,149,16-04-2024 17:46
1682,784,186,16-04-2024 23:17
1687,706,148,17-04-2024 05:33
1688,705,148,17-04-2024 05:33
1744,973,188,17-04-2024 18:33
1745,159,188,17-04-2024 18:33
1748,996,189,18-04-2024 07:57
1778,177,149,18-04-2024 11:48
1779,629,149,18-04-2024 11:49
1780,173,149,18-04-2024 11:49
1781,84,149,18-04-2024 11:50
1782,56,149,18-04-2024 11:50
1783,17,149,18-04-2024 11:51
1784,13,149,18-04-2024 11:51
1893,742,191,20-04-2024 02:25
1894,996,191,20-04-2024 02:25
1898,754,39,21-04-2024 12:03
1899,459,39,21-04-2024 12:04
1901,997,192,22-04-2024 04:53
1902,159,192,22-04-2024 06:18
1903,560,192,22-04-2024 06:18
1904,780,192,22-04-2024 06:20
1905,779,192,22-04-2024 06:20
1907,777,192,22-04-2024 06:20
1908,635,192,22-04-2024 06:21
1909,784,192,22-04-2024 06:21
1910,81,192,22-04-2024 06:22
1911,634,192,22-04-2024 06:23
1912,459,192,22-04-2024 06:23
1913,996,192,22-04-2024 06:23
1914,995,192,22-04-2024 06:23
1915,993,192,22-04-2024 06:24
1916,992,192,22-04-2024 06:24
1917,621,192,22-04-2024 06:24
1918,619,192,22-04-2024 06:24
1919,618,192,22-04-2024 06:25
1920,617,192,22-04-2024 06:26
1921,616,192,22-04-2024 06:26
1922,614,192,22-04-2024 06:26
1923,613,192,22-04-2024 06:27
1924,612,192,22-04-2024 06:27
1925,611,192,22-04-2024 06:28
1926,610,192,22-04-2024 06:28
1927,609,192,22-04-2024 06:29
1929,775,193,22-04-2024 22:07
1930,33,194,23-04-2024 04:45
1931,86,194,23-04-2024 04:45
1932,512,194,23-04-2024 04:46
1941,155,149,23-04-2024 10:06
1958,784,195,23-04-2024 17:19
1959,1002,195,23-04-2024 17:20
1988,635,195,24-04-2024 11:24
2017,151,194,25-04-2024 05:10
2018,130,194,25-04-2024 05:10
2019,173,194,25-04-2024 05:11
2020,177,194,25-04-2024 05:11
2021,84,194,25-04-2024 05:11
2022,362,194,25-04-2024 05:11
2023,31,194,25-04-2024 05:13
2024,629,194,25-04-2024 05:13
2025,56,194,25-04-2024 05:14
2067,1052,180,27-04-2024 04:58
2068,1048,180,27-04-2024 04:58
2069,1045,180,27-04-2024 04:58
2070,1043,180,27-04-2024 04:59
2071,1042,180,27-04-2024 04:59
2072,1041,180,27-04-2024 04:59
2073,1039,180,27-04-2024 04:59
2078,39,170,27-04-2024 21:50
2079,156,170,27-04-2024 22:05
2083,15,194,28-04-2024 07:45
2084,1060,194,28-04-2024 07:46
2085,1059,194,28-04-2024 07:46
2087,1056,194,28-04-2024 07:46
2088,1054,194,28-04-2024 07:46
2089,1053,194,28-04-2024 07:46
2090,1033,194,28-04-2024 07:47
2091,1023,194,28-04-2024 07:48
2092,1022,194,28-04-2024 07:52
2093,983,194,28-04-2024 07:53
2094,13,194,28-04-2024 07:54
2096,1006,194,28-04-2024 07:54
2097,979,194,28-04-2024 07:54
2098,38,194,28-04-2024 07:54
2099,19,194,28-04-2024 07:54
2100,558,194,28-04-2024 07:54
2101,60,194,28-04-2024 07:55
2102,516,194,28-04-2024 07:55
2103,16,194,28-04-2024 07:55
2104,36,194,28-04-2024 07:55
2105,43,194,28-04-2024 07:56
2106,150,194,28-04-2024 07:56
2107,549,194,28-04-2024 07:56
2108,160,194,28-04-2024 07:56
2109,158,194,28-04-2024 07:56
2110,153,194,28-04-2024 07:57
2111,979,197,28-04-2024 08:33
2112,978,197,28-04-2024 08:41
2138,714,182,29-04-2024 05:53
2140,13,192,29-04-2024 06:05
2141,13,160,29-04-2024 10:27
2142,15,160,29-04-2024 10:27
2151,15,167,30-04-2024 11:35
2152,13,167,30-04-2024 11:36
2158,130,167,30-04-2024 18:09
2160,84,167,30-04-2024 18:10
2161,362,167,30-04-2024 18:10
2162,1006,167,30-04-2024 18:10
2163,177,167,30-04-2024 18:11
2168,13,47,30-04-2024 23:46
2175,130,47,02-05-2024 00:41
2176,173,47,02-05-2024 00:42
2177,1006,47,02-05-2024 00:42
2178,84,47,02-05-2024 00:43
2208,1006,155,02-05-2024 17:26
2210,362,155,02-05-2024 17:28
2222,150,192,03-05-2024 09:10
2225,909,199,03-05-2024 10:57
2239,1034,192,05-05-2024 15:12
2240,626,192,05-05-2024 15:12
2241,625,192,05-05-2024 15:12
2242,1033,192,05-05-2024 15:13
2243,1032,192,05-05-2024 15:13
2244,1031,192,05-05-2024 15:13
2245,1030,192,05-05-2024 15:13
2246,1044,192,05-05-2024 15:13
2247,1043,192,05-05-2024 15:13
2248,1042,192,05-05-2024 15:13
2249,1041,192,05-05-2024 15:13
2250,1040,192,05-05-2024 15:13
2251,934,192,05-05-2024 15:13
2252,932,192,05-05-2024 15:14
2253,931,192,05-05-2024 15:14
2254,930,192,05-05-2024 15:14
2255,832,192,05-05-2024 15:14
2256,831,192,05-05-2024 15:14
2257,830,192,05-05-2024 15:14
2258,829,192,05-05-2024 15:14
2259,169,192,05-05-2024 15:15
2260,83,192,05-05-2024 15:16
2261,1060,192,05-05-2024 15:22
2291,876,192,07-05-2024 07:41
2292,1063,192,07-05-2024 07:42
2301,635,201,07-05-2024 09:52
2331,1047,192,07-05-2024 12:16
2364,837,192,09-05-2024 04:46
2381,708,39,09-05-2024 12:21
2383,1070,39,09-05-2024 12:37
2385,769,202,09-05-2024 14:16
2386,768,202,09-05-2024 14:17
2387,766,202,09-05-2024 14:17
2388,765,202,09-05-2024 14:17
2389,722,202,09-05-2024 14:17
2390,721,202,09-05-2024 14:18
2391,693,202,09-05-2024 14:19
2406,415,203,11-05-2024 02:01
2407,52,203,11-05-2024 02:01
2408,548,203,11-05-2024 02:02
2409,540,203,11-05-2024 02:02
2410,549,203,11-05-2024 02:02
2411,469,203,11-05-2024 02:02
2415,83,167,11-05-2024 07:38
2417,175,167,11-05-2024 07:39
2418,171,167,11-05-2024 07:39
2419,163,167,11-05-2024 07:39
2420,1063,167,11-05-2024 07:39
2421,979,167,11-05-2024 07:39
2422,147,167,11-05-2024 07:39
2423,1059,167,11-05-2024 07:40
2424,627,167,11-05-2024 07:40
2425,549,167,11-05-2024 07:40
2426,426,167,11-05-2024 07:40
2427,359,167,11-05-2024 07:40
2428,100,167,11-05-2024 07:40
2438,1071,197,11-05-2024 22:48
2439,81,197,11-05-2024 22:49
2440,1060,197,11-05-2024 22:49
2441,625,197,11-05-2024 22:50
2445,1047,204,12-05-2024 12:34
2446,163,155,12-05-2024 13:23
2447,84,155,12-05-2024 13:23
2448,165,155,12-05-2024 13:23
2451,977,192,12-05-2024 16:35
2460,163,192,13-05-2024 12:00
2481,825,192,14-05-2024 05:06
2482,1057,192,14-05-2024 05:09
2483,1053,192,14-05-2024 05:10
2484,171,192,14-05-2024 05:12
2510,727,205,14-05-2024 17:54
2511,977,205,14-05-2024 17:57
2512,1063,205,14-05-2024 17:57
2517,887,206,15-05-2024 01:25
2518,1066,206,15-05-2024 01:26
2525,1073,39,15-05-2024 08:39
2655,1055,207,15-05-2024 16:30
2656,159,207,15-05-2024 16:30
2657,1033,207,15-05-2024 16:31
2658,159,208,15-05-2024 16:34
2659,1057,208,15-05-2024 16:34
2660,1031,208,15-05-2024 16:34
2661,1033,208,15-05-2024 16:34
2662,1063,208,15-05-2024 16:36
2663,1060,208,15-05-2024 16:36
2664,1022,208,15-05-2024 16:37
2665,163,148,15-05-2024 16:49
2667,171,148,15-05-2024 16:50
2668,841,148,15-05-2024 16:51
2669,33,148,15-05-2024 16:51
2679,1059,210,15-05-2024 21:56
2680,1032,210,15-05-2024 21:56
2681,163,210,15-05-2024 21:56
2683,1054,210,15-05-2024 21:58
2687,84,192,16-05-2024 06:24
2688,1052,211,16-05-2024 11:40
2696,928,180,17-05-2024 04:56
2697,1063,180,17-05-2024 04:56
2698,1073,180,17-05-2024 04:56
2699,1066,180,17-05-2024 04:57
2700,1065,180,17-05-2024 04:57
2701,1064,180,17-05-2024 04:57
2702,1062,180,17-05-2024 04:57
2703,1059,212,17-05-2024 09:46
2704,1056,212,17-05-2024 09:46
2705,159,212,17-05-2024 09:47
2772,785,213,18-05-2024 00:06
2773,159,214,18-05-2024 04:29
2774,742,215,18-05-2024 08:30
2775,1052,215,18-05-2024 08:30
2776,1066,215,18-05-2024 08:30
2779,696,216,18-05-2024 13:46
2780,697,216,18-05-2024 13:46
2781,1007,216,18-05-2024 13:48
2782,1063,216,18-05-2024 13:48
2783,765,216,18-05-2024 13:49
2784,764,216,18-05-2024 13:49
2785,762,216,18-05-2024 13:49
2786,761,216,18-05-2024 13:49
2787,1053,217,18-05-2024 14:40
2788,1060,217,18-05-2024 14:40
2789,1031,217,18-05-2024 14:41
2792,1073,216,19-05-2024 15:56
2796,377,159,20-05-2024 08:09
2871,173,192,20-05-2024 11:05
2872,363,192,20-05-2024 11:05
2873,247,192,20-05-2024 11:06
2874,362,192,20-05-2024 11:06
2875,979,192,20-05-2024 11:06
2881,159,218,20-05-2024 12:41
2882,1059,218,20-05-2024 12:41
2883,1054,218,20-05-2024 12:41
2884,1057,218,20-05-2024 12:42
2887,1060,219,20-05-2024 16:05
3169,785,222,22-05-2024 04:56
3170,1063,222,22-05-2024 04:56
3233,1063,223,22-05-2024 13:54
3234,159,223,22-05-2024 13:54
3241,159,224,22-05-2024 23:35
3242,1053,224,22-05-2024 23:35
3271,1063,225,24-05-2024 07:23
3272,815,225,24-05-2024 07:23
3273,1060,180,24-05-2024 07:52
3274,1059,180,24-05-2024 07:52
3276,1057,180,24-05-2024 07:53
3277,1056,180,24-05-2024 07:53
3278,1055,180,24-05-2024 07:53
3279,1054,180,24-05-2024 07:53
3280,1053,180,24-05-2024 07:53
3281,1033,180,24-05-2024 07:53
3282,1032,180,24-05-2024 07:53
3283,1031,180,24-05-2024 07:53
3284,1030,180,24-05-2024 07:53
3298,1026,226,24-05-2024 10:01
3299,1000,226,24-05-2024 10:01
3300,159,226,24-05-2024 10:01
3301,1053,226,24-05-2024 10:02
3303,1063,226,24-05-2024 10:02
3304,1055,226,24-05-2024 10:02
3398,821,152,24-05-2024 13:57
3399,820,152,24-05-2024 13:57
3400,81,216,24-05-2024 17:25
3426,627,190,25-05-2024 02:15
3427,770,190,25-05-2024 02:16
3428,767,190,25-05-2024 02:16
3429,1063,228,25-05-2024 07:25
3437,845,152,25-05-2024 17:55
3438,822,152,25-05-2024 17:55
3440,838,152,26-05-2024 02:24
3442,861,152,26-05-2024 02:24
3443,844,152,26-05-2024 02:24
3444,847,152,26-05-2024 02:24
3445,848,152,26-05-2024 02:25
3446,842,152,26-05-2024 02:25
3447,658,152,26-05-2024 02:25
3448,834,152,26-05-2024 02:28
3449,634,229,26-05-2024 03:38
3456,810,231,26-05-2024 11:27
3458,1055,232,27-05-2024 13:44
3459,1053,232,27-05-2024 13:44
3463,942,152,28-05-2024 01:59
3464,13,152,28-05-2024 01:59
3465,785,152,28-05-2024 02:00
3466,46,152,28-05-2024 02:00
3471,213,152,29-05-2024 07:19
3472,56,152,29-05-2024 07:19
3473,1006,152,29-05-2024 07:19
3488,697,197,29-05-2024 11:35
3489,696,197,29-05-2024 11:35
3491,1017,197,29-05-2024 11:45
3512,822,236,29-05-2024 13:12
3513,1054,236,29-05-2024 13:12
3514,1059,236,29-05-2024 13:15
3515,838,236,29-05-2024 13:15
3516,1073,237,29-05-2024 14:40
3557,379,152,30-05-2024 00:29
3558,84,152,30-05-2024 00:29
3559,1059,152,30-05-2024 00:29
3560,363,152,30-05-2024 00:29
3562,780,238,30-05-2024 03:30
3563,1025,239,30-05-2024 06:48
3564,822,239,30-05-2024 06:49
3582,173,152,31-05-2024 14:04
3583,1063,194,31-05-2024 16:17
3584,1032,194,31-05-2024 16:18
3585,1028,194,31-05-2024 16:18
3596,177,152,01-06-2024 05:47
3597,979,152,01-06-2024 05:47
3598,159,240,01-06-2024 14:30
3599,560,240,01-06-2024 14:30
3603,161,240,01-06-2024 14:47
3604,143,240,01-06-2024 14:47
3605,151,240,01-06-2024 14:47
3606,159,216,01-06-2024 14:59
3608,1063,241,01-06-2024 16:56
3609,159,241,01-06-2024 16:56
3610,560,241,01-06-2024 16:56
3611,627,241,01-06-2024 16:56
3612,626,241,01-06-2024 16:56
3628,151,152,02-06-2024 02:51
3629,31,152,02-06-2024 02:51
3630,718,242,02-06-2024 05:40
3631,1052,242,02-06-2024 05:40
3663,159,243,02-06-2024 17:22
3664,560,243,02-06-2024 17:22
3667,822,47,02-06-2024 19:13
3668,847,47,02-06-2024 19:13
3669,177,47,02-06-2024 19:14
3670,658,47,02-06-2024 19:14
3671,979,47,02-06-2024 19:14
3672,942,47,02-06-2024 19:14
3673,779,47,02-06-2024 19:14
3674,1055,244,02-06-2024 21:33
3675,1063,244,02-06-2024 21:33
3677,549,152,03-06-2024 01:09
3678,779,152,03-06-2024 01:09
3679,163,152,03-06-2024 01:09
3680,992,245,03-06-2024 02:21
3681,635,245,03-06-2024 02:21
3682,822,243,03-06-2024 09:51
3683,847,243,03-06-2024 09:51
3684,13,243,03-06-2024 09:51
3720,645,187,03-06-2024 12:16
3723,549,243,03-06-2024 13:54
3724,177,243,03-06-2024 13:54
3725,151,243,03-06-2024 13:54
3726,84,243,03-06-2024 13:55
3727,363,243,03-06-2024 13:55
3728,1059,243,03-06-2024 13:55
3729,159,246,04-06-2024 02:42
3730,1053,246,04-06-2024 02:43
3745,1033,247,04-06-2024 08:45
3746,1026,247,04-06-2024 08:45
3748,847,247,04-06-2024 08:46
3749,1031,247,04-06-2024 08:46
3757,1062,248,04-06-2024 09:28
3758,1064,248,04-06-2024 09:28
3759,159,249,04-06-2024 10:17
3760,1065,249,04-06-2024 10:18
3761,1060,249,04-06-2024 10:18
3775,36,152,04-06-2024 16:11
3776,38,152,04-06-2024 16:11
3777,1064,250,04-06-2024 16:18
3778,1054,251,04-06-2024 16:53
3779,1032,251,04-06-2024 16:53
3780,847,251,04-06-2024 16:53
3781,159,252,04-06-2024 18:08
3782,56,254,04-06-2024 19:27
3783,52,254,04-06-2024 19:27
3784,40,254,04-06-2024 19:27
3785,49,254,04-06-2024 19:27
3786,847,254,04-06-2024 19:28
3787,1033,254,04-06-2024 19:28
3789,1066,256,05-06-2024 17:17
3790,1064,256,05-06-2024 17:17
3791,1062,256,05-06-2024 17:17
3792,159,257,05-06-2024 17:54
3793,1063,257,05-06-2024 17:54
3794,1054,257,05-06-2024 17:54
3795,1053,257,05-06-2024 17:55
3796,1025,257,05-06-2024 17:55
3797,1065,258,05-06-2024 20:38
3798,1064,258,05-06-2024 20:38
3801,426,152,06-06-2024 02:03
3802,165,152,06-06-2024 02:03
3819,1053,260,06-06-2024 19:12
3820,1026,260,06-06-2024 19:13
3821,1030,260,06-06-2024 19:13
3822,1055,260,06-06-2024 19:14
3823,1056,260,06-06-2024 19:14
3824,847,260,06-06-2024 19:15
3825,1029,260,06-06-2024 19:16
3826,512,260,06-06-2024 19:16
3827,40,260,06-06-2024 19:16
3828,540,260,06-06-2024 19:16
3829,822,260,06-06-2024 19:17
3830,1063,260,06-06-2024 19:17
3831,1054,260,06-06-2024 19:17
3833,13,260,06-06-2024 19:18
3837,1031,261,07-06-2024 01:33
3838,847,261,07-06-2024 01:33
3839,822,261,07-06-2024 01:34
3840,1063,261,07-06-2024 01:34
3841,1066,258,07-06-2024 01:47
3842,1055,258,07-06-2024 01:48
3843,1062,258,07-06-2024 01:48
3844,159,262,07-06-2024 06:39
3846,1054,262,07-06-2024 06:40
3847,1056,262,07-06-2024 06:40
3852,1053,263,07-06-2024 12:01
3853,1031,263,07-06-2024 12:01
3854,847,263,07-06-2024 12:01
3855,621,263,07-06-2024 12:02
3856,631,263,07-06-2024 12:03
3857,822,263,07-06-2024 12:04
3858,1055,263,07-06-2024 12:04
3859,13,263,07-06-2024 12:04
3860,1032,263,07-06-2024 12:04
3862,1059,263,07-06-2024 12:05
3863,1057,263,07-06-2024 12:05
3867,1054,263,07-06-2024 12:08
3868,1062,265,07-06-2024 15:53
3879,1066,267,07-06-2024 21:35
3880,1057,268,08-06-2024 01:46
3881,1054,268,08-06-2024 01:46
3882,1031,268,08-06-2024 01:46
3883,159,269,08-06-2024 02:19
3884,1063,269,08-06-2024 02:19
3885,1060,269,08-06-2024 02:19
3886,1056,269,08-06-2024 02:20
3887,1031,269,08-06-2024 02:20
3888,635,270,08-06-2024 05:49
3889,1062,267,08-06-2024 08:06
3890,724,152,08-06-2024 08:52
3891,43,152,08-06-2024 08:52
3893,1066,271,08-06-2024 17:05
3894,1064,271,08-06-2024 17:05
3899,1062,272,08-06-2024 19:28
3908,1064,267,08-06-2024 21:41
3909,150,152,09-06-2024 02:16
3910,1063,152,09-06-2024 02:16
3928,707,151,09-06-2024 03:21
3929,706,151,09-06-2024 03:22
3931,1062,276,09-06-2024 03:27
3932,1064,276,09-06-2024 03:27
3934,159,279,09-06-2024 10:29
3935,1025,279,09-06-2024 10:29
3936,1030,279,09-06-2024 10:30
3937,1032,279,09-06-2024 10:30
3938,847,279,09-06-2024 10:30
3942,1062,280,09-06-2024 13:48
3947,1064,282,09-06-2024 15:52
3948,1065,282,09-06-2024 15:54
3949,1066,282,09-06-2024 15:54
3950,1062,282,09-06-2024 15:54
3970,797,243,10-06-2024 11:27
3971,100,152,10-06-2024 15:08
3972,782,152,10-06-2024 15:08
3973,770,152,10-06-2024 15:08
3978,1062,285,10-06-2024 15:17
4000,1064,288,10-06-2024 22:25
4001,1062,288,10-06-2024 22:26
4002,780,197,11-06-2024 06:07
4003,779,197,11-06-2024 06:07
4004,143,289,11-06-2024 06:54
4005,151,289,11-06-2024 06:54
4006,33,289,11-06-2024 06:54
4007,415,289,11-06-2024 06:54
4008,540,289,11-06-2024 06:54
4009,86,289,11-06-2024 06:54
4010,512,289,11-06-2024 06:54
4011,40,289,11-06-2024 06:54
4015,1066,291,11-06-2024 09:11
4016,1054,292,11-06-2024 12:19
4017,847,292,11-06-2024 12:20
4025,1062,286,11-06-2024 15:02
4036,159,295,11-06-2024 16:48
4039,767,152,12-06-2024 02:58
4040,362,152,12-06-2024 02:58
4054,1065,298,12-06-2024 13:35
4062,1066,299,12-06-2024 15:23
4065,1066,300,12-06-2024 21:24
4066,1065,300,12-06-2024 21:25
4067,1064,300,12-06-2024 21:25
4068,1062,300,12-06-2024 21:25
4069,540,152,13-06-2024 02:14
4070,638,152,13-06-2024 02:14
4072,1065,301,13-06-2024 09:13
4073,1064,301,13-06-2024 09:13
4085,1062,302,13-06-2024 09:33
4086,1064,302,13-06-2024 09:33
4087,1065,302,13-06-2024 09:33
4088,1066,302,13-06-2024 09:33
4108,1064,304,13-06-2024 11:53
4109,1065,304,13-06-2024 11:54
4110,1066,304,13-06-2024 11:54
4111,631,304,13-06-2024 11:54
4112,1062,304,13-06-2024 11:55
4113,1060,304,13-06-2024 11:57
4114,1055,305,13-06-2024 12:14
4115,1057,305,13-06-2024 12:14
4116,1056,305,13-06-2024 12:14
4118,1064,306,13-06-2024 18:46
4119,1064,307,13-06-2024 22:52
4120,1066,307,13-06-2024 22:57
4124,1065,308,14-06-2024 08:11
4129,994,192,14-06-2024 13:38
4132,1032,310,14-06-2024 14:36
4133,1055,310,14-06-2024 14:36
4134,1030,310,14-06-2024 14:37
4135,1053,310,14-06-2024 14:37
4141,1066,313,14-06-2024 16:18
4146,1065,316,15-06-2024 04:15
4148,1062,316,15-06-2024 04:16
4159,841,152,15-06-2024 08:04
4160,44,152,15-06-2024 08:05
4161,1066,318,15-06-2024 08:46
4162,1062,318,15-06-2024 08:49
4163,1064,318,15-06-2024 08:54
4164,1065,318,15-06-2024 08:55
4165,1064,319,15-06-2024 13:36
4166,1062,319,15-06-2024 13:37
4167,1065,319,15-06-2024 13:38
4168,159,320,15-06-2024 14:42
4199,1064,325,16-06-2024 03:02
4200,1064,316,16-06-2024 03:15
4201,1066,327,16-06-2024 05:34
4202,1065,327,16-06-2024 05:34
4207,1062,325,16-06-2024 09:43
4210,1065,325,16-06-2024 10:28
4211,1066,325,16-06-2024 10:33
4215,780,152,16-06-2024 16:38
4216,83,152,16-06-2024 16:38
4230,159,332,16-06-2024 19:27
4231,1056,332,16-06-2024 19:27
4232,44,332,16-06-2024 19:27
4233,625,332,16-06-2024 19:28
4234,1064,333,16-06-2024 20:41
4240,837,152,17-06-2024 01:46
4242,159,334,17-06-2024 04:28
4244,1057,334,17-06-2024 04:29
4245,1031,334,17-06-2024 04:29
4246,159,335,17-06-2024 07:39
4253,1065,338,17-06-2024 09:29
4254,1062,338,17-06-2024 09:31
4255,1064,338,17-06-2024 09:32
4256,1066,338,17-06-2024 09:33
4261,1060,339,17-06-2024 10:38
4262,625,339,17-06-2024 10:38
4265,1064,340,17-06-2024 13:35
4266,1062,340,17-06-2024 15:18
4267,159,344,17-06-2024 16:10
4268,33,345,17-06-2024 16:16
4269,415,345,17-06-2024 16:16
4270,159,352,17-06-2024 16:19
4271,159,353,17-06-2024 16:22
4272,560,353,17-06-2024 16:22
4273,161,353,17-06-2024 16:22
4274,151,357,17-06-2024 16:24
4275,159,355,17-06-2024 16:26
4276,560,355,17-06-2024 16:26
4277,161,355,17-06-2024 16:26
4278,143,355,17-06-2024 16:26
4279,151,355,17-06-2024 16:26
4280,33,355,17-06-2024 16:26
4281,415,355,17-06-2024 16:26
4282,540,355,17-06-2024 16:26
4283,560,357,17-06-2024 16:27
4284,415,358,17-06-2024 16:27
4285,540,358,17-06-2024 16:27
4286,159,359,17-06-2024 16:27
4287,560,359,17-06-2024 16:27
4288,161,359,17-06-2024 16:27
4289,143,359,17-06-2024 16:28
4290,33,360,17-06-2024 16:29
4291,560,362,17-06-2024 16:32
4292,159,361,17-06-2024 16:33
4293,44,348,17-06-2024 16:35
4294,44,361,17-06-2024 16:35
4295,13,348,17-06-2024 16:35
4296,173,348,17-06-2024 16:35
4297,549,348,17-06-2024 16:35
4298,13,361,17-06-2024 16:35
4299,44,352,17-06-2024 16:36
4300,173,361,17-06-2024 16:36
4301,13,352,17-06-2024 16:38
4302,143,365,17-06-2024 16:45
4303,159,368,17-06-2024 16:48
4304,560,368,17-06-2024 16:49
4305,161,368,17-06-2024 16:49
4306,143,368,17-06-2024 16:49
4307,151,368,17-06-2024 16:49
4308,159,370,17-06-2024 16:50
4309,560,370,17-06-2024 16:50
